,users,places
0,@nomadtax,Cape Town
1,@nomadtax,Tirana
2,@nomadtax,Sarandë
3,@nomadtax,Cairo
4,@nomadtax,Gran Canaria
5,@nomadtax,Sarandë
6,@nomadtax,Marseille
7,@nomadtax,Sarandë
8,@nomadtax,Tirana
9,@nomadtax,Bansko
10,@nomadtax,Belgrade
11,@nomadtax,Skopje
12,@nomadtax,Pristina
13,@nomadtax,Prizren
14,@nomadtax,Tirana
15,@nomadtax,Vlorë
16,@nomadtax,Ohrid
17,@nomadtax,Meteora
18,@nomadtax,Bansko
19,@nomadtax,Milan
20,@nomadtax,Basel
21,@nomadtax,Palermo
22,@nomadtax,Frankfurt
23,@nomadtax,Kavala Airport Megas Alexandros
24,@nomadtax,Bansko
25,@nomadtax,Playa del Carmen
26,@nomadtax,"Memphis, TN"
27,@nomadtax,Panama City
28,@nomadtax,Playa del Carmen
29,@nomadtax,San Juan del Sur
30,@nomadtax,Playa del Carmen
31,@nomadtax,Merida
32,@nomadtax,"Birmingham, AL"
33,@nomadtax,Oaxaca
34,@nomadtax,Merida
35,@nomadtax,"Memphis, TN"
36,@nomadtax,Guatemala City
37,@nomadtax,San Marcos
38,@nomadtax,Antigua
39,@nomadtax,Merida
40,@nomadtax,San Cristóbal de las Casas
41,@nomadtax,Palenque
42,@nomadtax,Merida
43,@nomadtax,Playa del Carmen
44,@nomadtax,"Memphis, TN"
45,@nomadtax,Playa del Carmen
46,@nomadtax,Merida
47,@nomadtax,Playa del Carmen
48,@nomadtax,"Birmingham, AL"
49,@nomadtax,"Memphis, TN"
50,@nomadtax,"Birmingham, AL"
51,@nomadtax,Playa del Carmen
52,@nomadtax,Sayulita
53,@nomadtax,Playa del Carmen
54,@nomadtax,Playa del Carmen
55,@nomadtax,"Birmingham, AL"
56,@nomadtax,"Memphis, TN"
57,@nomadtax,"Birmingham, AL"
58,@nomadtax,"Louisville, KY"
59,@nomadtax,"Indianapolis, IN"
60,@nomadtax,"Chicago, IL"
61,@nomadtax,"Milwaukee, WI"
62,@nomadtax,Elkhart Lake
63,@nomadtax,"Birmingham, AL"
64,@nomadtax,Mexico City
65,@nomadtax,"Birmingham, AL"
66,@nomadtax,"Memphis, TN"
67,@nomadtax,"Birmingham, AL"
68,@nomadtax,"San Francisco, CA"
69,@nomadtax,"Birmingham, AL"
70,@nomadtax,Istanbul
71,@nomadtax,Cape Town
72,@nomadtax,Istanbul
73,@nomadtax,"Birmingham, AL"
74,@nomadtax,"Memphis, TN"
75,@nomadtax,"Birmingham, AL"
76,@nomadtax,"Atlanta, GA"
77,@nomadtax,"Birmingham, AL"
78,@nomadtax,Cancun
79,@nomadtax,"Nashville, TN"
80,@nomadtax,"Asheville, NC"
81,@nomadtax,"Kansas City, MO"
82,@nomadtax,Tbilisi
83,@nomadtax,Doha
84,@nomadtax,"Birmingham, AL"
85,@nomadtax,Mexico City
86,@nomadtax,"Birmingham, AL"
87,@nomadtax,Cordoba
88,@nomadtax,Medellín
89,@nomadtax,Santa Teresa
90,@nomadtax,Bansko
91,@nomadtax,Amsterdam
92,@nomadtax,Cape Town
93,@nomadtax,Zanzibar Urban/West
94,@nomadtax,Cape Town
95,@nomadtax,Nairobi
96,@nomadtax,Cape Town
97,@nomadtax,Palermo
98,@nomadtax,Trieste
99,@nomadtax,Siena
100,@nomadtax,Rome
101,@nomadtax,Sofia
102,@nomadtax,Belogradchik
103,@nomadtax,Orșova
104,@nomadtax,Timisoara
105,@nomadtax,Mokrin House
106,@nomadtax,Belgrade
107,@nomadtax,Sofia
108,@nomadtax,Barcelona
109,@nomadtax,Madrid
110,@nomadtax,Valencia
111,@nomadtax,"Denver, CO"
112,@nomadtax,"Birmingham, AL"
113,@nomadtax,"Memphis, TN"
114,@nomadtax,Playa del Carmen
115,@nomadtax,Tulum
116,@nomadtax,Mexico City
117,@nomadtax,San Andres Islas
118,@nomadtax,Cartagena
119,@nomadtax,Bogota
120,@nomadtax,Medellín
121,@nomadtax,Lima
122,@nomadtax,Machu Picchu
123,@nomadtax,Cusco
124,@nomadtax,Lima
125,@nomadtax,Cordoba
126,@nomadtax,Mendoza
127,@nomadtax,Buenos Aires
128,@nomadtax,Queenstown
129,@nomadtax,Christchurch
130,@nomadtax,Christchurch
131,@nomadtax,Wellington
132,@nomadtax,Tauranga
133,@nomadtax,Auckland
134,@nomadtax,Nusapenida
135,@nomadtax,"Uluwatu, Bali"
136,@nomadtax,Gili Air
137,@nomadtax,"Uluwatu, Bali"
138,@nomadtax,Kuala Lumpur
139,@nomadtax,Hiroshima
140,@nomadtax,Tokyo
141,@nomadtax,Kyoto
142,@nomadtax,Osaka
143,@nomadtax,Ko Pha Ngan
144,@nomadtax,Chiang Mai
145,@nomadtax,Hanoi
146,@nomadtax,Hoi An
147,@nomadtax,Sa Pa
148,@nomadtax,Hanoi
149,@nomadtax,Dubai
150,@nomadtax,"Lagos, Algarve"
151,@nomadtax,Porto
152,@nomadtax,Lisbon
153,@nomadtax,Budapest
154,@nomadtax,Prague
155,@nomadtax,Boom
156,@nomadtax,Budapest
157,@nomadtax,Split
158,@nomadtax,Belgrade
159,@nomadtax,Kotor
160,@nomadtax,London
161,@nomadtax,Montreal
162,@nomadtax,Paris
163,@nomadtax,Santo Domingo
164,@nomadtax,Nassau
165,@imshashank,Podgorica
166,@imshashank,Sofia
167,@imshashank,Sarandë
168,@imshashank,Vlorë
169,@imshashank,Shkodër
170,@imshashank,Tirana
171,@imshashank,Belgrade
172,@imshashank,Barcelona
173,@imshashank,Rome
174,@imshashank,"Ubud, Bali"
175,@imshashank,Seoul
176,@imshashank,Kuala Lumpur
177,@imshashank,Paris
178,@laird_evan,"Tallahassee, FL"
179,@laird_evan,"Kansas City, MO"
180,@laird_evan,"Chicago, IL"
181,@laird_evan,"Kansas City, MO"
182,@laird_evan,"Chicago, IL"
183,@laird_evan,"Kansas City, MO"
184,@laird_evan,Bogota
185,@laird_evan,Lima
186,@laird_evan,Cusco
187,@laird_evan,Lima
188,@laird_evan,"Chicago, IL"
189,@laird_evan,"Phoenix, AZ"
190,@laird_evan,"San Francisco, CA"
191,@laird_evan,"Chicago, IL"
192,@laird_evan,Rome
193,@laird_evan,Sofia
194,@laird_evan,Belgrade
195,@laird_evan,Sofia
196,@laird_evan,"Chicago, IL"
197,@laird_evan,Sofia
198,@laird_evan,Dubai
199,@laird_evan,"Milwaukee, WI"
200,@laird_evan,Playa del Carmen
201,@laird_evan,Jacó Beach
202,@laird_evan,"Miami, FL"
203,@laird_evan,Guayaquil
204,@laird_evan,Galapagos Islands
205,@laird_evan,Quito
206,@laird_evan,Guatapé
207,@laird_evan,Cartagena
208,@laird_evan,Medellín
209,@laird_evan,"Milwaukee, WI"
210,@laird_evan,"Austin, TX"
211,@laird_evan,"Chicago, IL"
212,@laird_evan,Playa del Carmen
213,@laird_evan,"Chicago, IL"
214,@laird_evan,"Austin, TX"
215,@laird_evan,Fort Worth
216,@laird_evan,"Austin, TX"
217,@laird_evan,Fort Worth
218,@laird_evan,"Chattanooga, TN"
219,@laird_evan,"Grand Rapids, MI"
220,@laird_evan,"Milwaukee, WI"
221,@laird_evan,Playa del Carmen
222,@laird_evan,"Milwaukee, WI"
223,@laird_evan,"Miami, FL"
224,@laird_evan,Medellín
225,@laird_evan,Tulum
226,@laird_evan,Auckland
227,@laird_evan,Sydney
228,@laird_evan,Melbourne
229,@laird_evan,Phuket
230,@laird_evan,Ko Pha Ngan
231,@laird_evan,Phuket
232,@laird_evan,Jakarta
233,@laird_evan,Phuket
234,@laird_evan,Bangkok
235,@laird_evan,Phuket
236,@laird_evan,Amsterdam
237,@laird_evan,Lisbon
238,@laird_evan,"Milwaukee, WI"
239,@laird_evan,"Nashville, TN"
240,@laird_evan,"Miami, FL"
241,@laird_evan,London
242,@laird_evan,Split
243,@laird_evan,Neum
244,@laird_evan,Dubrovnik
245,@laird_evan,Split
246,@laird_evan,Budapest
247,@laird_evan,Andros
248,@laird_evan,Cos
249,@laird_evan,Ios
250,@laird_evan,Athens
251,@laird_evan,Vilnius
252,@laird_evan,Kyiv
253,@laird_evan,Warsaw
254,@laird_evan,Kraków
255,@laird_evan,Warsaw
256,@laird_evan,"Miami, FL"
257,@laird_evan,"Chicago, IL"
258,@laird_evan,"Honolulu, Hawaii"
259,@laird_evan,"New Haven, CT"
260,@laird_evan,Playa del Carmen
261,@laird_evan,"Milwaukee, WI"
262,@mcma9,Playa del Carmen
263,@mcma9,Playa del Carmen
264,@mcma9,Tulum
265,@mcma9,Puerto Viejo
266,@mcma9,Santa Teresa
267,@mcma9,Santa Teresa
268,@mcma9,"Denver, CO"
269,@mcma9,Antigua
270,@mcma9,Lima
271,@mcma9,Medellín
272,@mcma9,Bocas del Toro
273,@mcma9,San José
274,@mcma9,Caye Caulker
275,@mcma9,Cancun
276,@mcma9,San Juan del Sur
277,@mcma9,Phnom Penh
278,@mcma9,Siem Reap
279,@mcma9,Bangkok
280,@mcma9,Manila
281,@mcma9,Tokyo
282,@dannybooboo,Medellín
283,@dannybooboo,Mexico City
284,@dannybooboo,Monterrey
285,@dannybooboo,Playa del Carmen
286,@dannybooboo,Medellín
287,@dannybooboo,San Andrés
288,@dannybooboo,Medellín
289,@dannybooboo,Cúcuta
290,@dannybooboo,Medellín
291,@dannybooboo,São Paulo
292,@dannybooboo,Istanbul
293,@dannybooboo,Jakarta
294,@dannybooboo,"Canggu, Bali"
295,@dannybooboo,"Ubud, Bali"
296,@dannybooboo,Quezon City
297,@dannybooboo,Hanoi
298,@dannybooboo,Nha Trang
299,@dannybooboo,Ho Chi Minh City
300,@dannybooboo,Chiang Mai
301,@dannybooboo,"San Francisco, CA"
302,@dannybooboo,"Miami, FL"
303,@dannybooboo,Medellín
304,@dannybooboo,Barranquilla
305,@dannybooboo,Medellín
306,@dannybooboo,Montevideo
307,@dannybooboo,Buenos Aires
308,@dannybooboo,Rio de Janeiro
309,@dannybooboo,Medellín
310,@dannybooboo,Kyiv
311,@dannybooboo,Moscow
312,@dannybooboo,Almaty
313,@dannybooboo,Tbilisi
314,@dannybooboo,Dubai
315,@dannybooboo,Mumbai
316,@dannybooboo,"Canggu, Bali"
317,@dannybooboo,Sahaja Sawah Resort
318,@dannybooboo,"Ubud, Bali"
319,@dannybooboo,Ho Chi Minh City
320,@dannybooboo,Manila
321,@dannybooboo,Chiang Mai
322,@dannybooboo,Bangkok
323,@dannybooboo,Seoul
324,@dannybooboo,Bangkok
325,@dannybooboo,Hong Kong
326,@dannybooboo,"San Francisco, CA"
327,@dannybooboo,"Las Vegas, NV"
328,@dannybooboo,Pereira
329,@dannybooboo,Cali
330,@dannybooboo,Mexico City
331,@dannybooboo,"San Francisco, CA"
332,@dannybooboo,Panama City
333,@dannybooboo,Medellín
334,@dannybooboo,Panama City
335,@dannybooboo,San José
336,@dannybooboo,Antigua
337,@dannybooboo,"San Francisco, CA"
338,@dannybooboo,Toronto
339,@dannybooboo,"San Francisco, CA"
340,@dannybooboo,Guatemala City
341,@dannybooboo,Casablanca
342,@dannybooboo,"Las Palmas, Canary Islands"
343,@dannybooboo,Lisbon
344,@dannybooboo,Helsinki
345,@dannybooboo,Saint Petersburg
346,@dannybooboo,Helsinki
347,@dannybooboo,Stockholm
348,@dannybooboo,Riga
349,@dannybooboo,Tallinn
350,@dannybooboo,Bronx
351,@dannybooboo,"San Francisco, CA"
352,@dannybooboo,Sydney
353,@dannybooboo,Brisbane
354,@dannybooboo,Melbourne
355,@dannybooboo,"Los Angeles, CA"
356,@dannybooboo,"San Diego, CA"
357,@dannybooboo,"Seattle, WA"
358,@dannybooboo,Indio
359,@dannybooboo,Paris
360,@dannybooboo,Amsterdam
361,@dannybooboo,Paris
362,@dannybooboo,Cabo San Lucas
363,@dannybooboo,"New York City, NY"
364,@dannybooboo,Indio
365,@dannybooboo,"Park City, UT"
366,@dannybooboo,Cartagena
367,@dannybooboo,Medellín
368,@dannybooboo,Bogota
369,@dannybooboo,"Ubud, Bali"
370,@dannybooboo,"Gili Air, Bali"
371,@dannybooboo,"Denpasar, Bali"
372,@dannybooboo,"Kuta, Bali"
373,@dannybooboo,Indio
374,@dannybooboo,"San Diego, CA"
375,@dannybooboo,"Las Vegas, NV"
376,@dannybooboo,Boracay
377,@dannybooboo,"Santa Barbara, CA"
378,@dannybooboo,"Santa Barbara, CA"
379,@dannybooboo,"Las Vegas, NV"
380,@dannybooboo,San Juan
381,@dannybooboo,"Las Vegas, NV"
382,@dannybooboo,"San Francisco, CA"
383,@dannybooboo,"Las Vegas, NV"
384,@dannybooboo,"Las Vegas, NV"
385,@dannybooboo,"Las Vegas, NV"
386,@dannybooboo,"Las Vegas, NV"
387,@dannybooboo,"Lake Tahoe, CA"
388,@dannybooboo,"Santa Barbara, CA"
389,@juwe,Saint Petersburg
390,@juwe,Irkutsk
391,@juwe,Bishkek
392,@juwe,Novosibirsk
393,@juwe,Moscow
394,@juwe,Munich
395,@juwe,Zermatt
396,@juwe,Berlin
397,@juwe,Panama City
398,@juwe,Playa del Carmen
399,@juwe,Lima
400,@juwe,Mexico City
401,@juwe,Paphos
402,@juwe,Kyiv
403,@juwe,Odessa
404,@juwe,Dresden
405,@juwe,Paphos
406,@juwe,Dresden
407,@juwe,Montenegro
408,@juwe,Croatia
409,@juwe,Slovenia
410,@juwe,Munich
411,@juwe,Dresden
412,@juwe,Munich
413,@juwe,"Canggu, Bali"
414,@juwe,Tokyo
415,@juwe,"Los Angeles, CA"
416,@juwe,Arizona
417,@juwe,Nevada
418,@juwe,California
419,@juwe,"San Francisco, CA"
420,@juwe,Cancun
421,@juwe,Medellín
422,@juwe,Bogota
423,@juwe,Salento
424,@juwe,Bogota
425,@juwe,Leticia
426,@juwe,Amazonas
427,@juwe,Manaus
428,@juwe,Rio de Janeiro
429,@juwe,Florianopolis
430,@juwe,Jijoca de Jericoacoara
431,@juwe,Porto De Galinhos
432,@juwe,Mindelo
433,@juwe,"Tenerife, Canary Islands"
434,@juwe,Gibraltar
435,@juwe,Barcelona
436,@juwe,Paphos
437,@juwe,Ulaanbaatar
438,@juwe,Irkutsk
439,@juwe,Krasnoyarsk
440,@juwe,Novosibirsk
441,@juwe,Kazan
442,@juwe,Moscow
443,@juwe,Bormes-les-Mimosas
444,@juwe,Olbia
445,@juwe,Rome
446,@juwe,Split
447,@juwe,Mostar
448,@juwe,Sarajevo
449,@juwe,Belgrade
450,@juwe,Sofia
451,@juwe,Paphos
452,@juwe,Paphos
453,@juwe,Lisbon
454,@juwe,Cádiz
455,@juwe,Casablanca
456,@juwe,"Arrecife, Lanzarote"
457,@juwe,"Tenerife, Canary Islands"
458,@juwe,"Las Palmas, Canary Islands"
459,@juwe,Poland
460,@juwe,"Canggu, Bali"
461,@juwe,"Ubud, Bali"
462,@juwe,"Canggu, Bali"
463,@juwe,"Amed, Bali"
464,@juwe,"Ubud, Bali"
465,@juwe,Martinique
466,@juwe,Saint Lucia
467,@juwe,Saint Vincent and the Grenadines
468,@juwe,Grenada
469,@juwe,Saint Vincent and the Grenadines
470,@juwe,Saint Lucia
471,@juwe,Martinique
472,@juwe,Saint Lucia
473,@juwe,Saint Vincent and the Grenadines
474,@juwe,Grenada
475,@juwe,Saint Vincent and the Grenadines
476,@juwe,Saint Lucia
477,@juwe,Martinique
478,@juwe,Saint Petersburg
479,@juwe,Kazan
480,@juwe,Thailand
481,@juwe,Phuket
482,@juwe,Chiang Mai
483,@juwe,Bangkok
484,@juwe,Georgia
485,@juwe,Georgia
486,@juwe,Minsk
487,@juwe,Riga
488,@samlepak,"Milwaukee, WI"
489,@samlepak,Medellín
490,@samlepak,Lima
491,@samlepak,Cusco
492,@samlepak,Lima
493,@samlepak,Medellín
494,@samlepak,Kraków
495,@samlepak,Rome
496,@samlepak,"Milwaukee, WI"
497,@samlepak,Vatican City
498,@samlepak,Rome
499,@samlepak,Sofia
500,@samlepak,Belgrade
501,@samlepak,Sofia
502,@samlepak,Dubai
503,@samlepak,"Milwaukee, WI"
504,@samlepak,Playa del Carmen
505,@samlepak,Jacó Beach
506,@samlepak,"Miami, FL"
507,@samlepak,Guayaquil
508,@samlepak,Galapagos Islands
509,@samlepak,Quito
510,@samlepak,Guatapé
511,@samlepak,Cartagena
512,@samlepak,Medellín
513,@samlepak,"Milwaukee, WI"
514,@samlepak,Playa del Carmen
515,@samlepak,"Milwaukee, WI"
516,@samlepak,Cancun
517,@samlepak,"Milwaukee, WI"
518,@samlepak,Fort Worth
519,@samlepak,"Chattanooga, TN"
520,@samlepak,"Grand Rapids, MI"
521,@samlepak,"Milwaukee, WI"
522,@samlepak,Playa del Carmen
523,@samlepak,"Milwaukee, WI"
524,@samlepak,Medellín
525,@samlepak,"Miami, FL"
526,@samlepak,London
527,@samlepak,Auckland
528,@samlepak,Sydney
529,@samlepak,Melbourne
530,@samlepak,Phuket
531,@samlepak,Jakarta
532,@samlepak,Phuket
533,@samlepak,Bangkok
534,@samlepak,Phuket
535,@samlepak,Amsterdam
536,@samlepak,London
537,@samlepak,"Madison, WI"
538,@samlepak,Athens
539,@samlepak,Vilnius
540,@samlepak,Kyiv
541,@samlepak,Warsaw
542,@samlepak,Väckelsång
543,@samlepak,Warsaw
544,@samlepak,"Milwaukee, WI"
545,@samlepak,"Grand Rapids, MI"
546,@samlepak,"Nashville, TN"
547,@samlepak,"Milwaukee, WI"
548,@samlepak,"Miami, FL"
549,@samlepak,"Chicago, IL"
550,@samlepak,Jönköping
551,@samlepak,"Miami, FL"
552,@samlepak,Väckelsång
553,@samlepak,Berlin
554,@samlepak,Trysil
555,@samlepak,Oslo
556,@samlepak,"Miami, FL"
557,@samlepak,"San Diego, CA"
558,@samlepak,"Miami, FL"
559,@samlepak,Väckelsång
560,@samlepak,Trogir
561,@samlepak,"Milwaukee, WI"
562,@samlepak,Stockholm
563,@samlepak,London
564,@samlepak,Milan
565,@samlepak,Prague
566,@samlepak,Munich
567,@samlepak,Jönköping
568,@samlepak,Sliema
569,@samlepak,Copenhagen
570,@samlepak,Jönköping
571,@samlepak,Vienna
572,@samlepak,Jönköping
573,@samlepak,Budapest
574,@samlepak,Jönköping
575,@samlepak,Monaco
576,@samlepak,Nice
577,@samlepak,Jönköping
578,@samlepak,Fort Worth
579,@samlepak,Puerto Vallarta
580,@julesmonroe,Buenos Aires
581,@julesmonroe,Playa del Carmen
582,@julesmonroe,Akumal Bay Beach Resort
583,@julesmonroe,Nosara
584,@julesmonroe,"West Palm Beach, FL"
585,@julesmonroe,Croatia
586,@julesmonroe,"Ubud, Bali"
587,@jure0x,Puerto Escondido
588,@jure0x,Oaxaca
589,@jure0x,Lisbon
590,@jure0x,Barcelona
591,@jure0x,Ljubljana
592,@jure0x,Split
593,@jure0x,Vela Luka
594,@jure0x,Ljubljana
595,@jure0x,Playa del Carmen
596,@jure0x,Antigua
597,@jure0x,Panajachel
598,@jure0x,Antigua
599,@jure0x,Playa del Carmen
600,@bandmm,Porto
601,@bandmm,"Tulsa, OK"
602,@bandmm,"Phoenix, AZ"
603,@bandmm,"Seattle, WA"
604,@bandmm,Playa del Carmen
605,@bandmm,"Washington, DC"
606,@bandmm,"Asheville, NC"
607,@bandmm,"Nashville, TN"
608,@bandmm,"Chicago, IL"
609,@bandmm,"Cincinnati, OH"
610,@bandmm,"Savannah, GA"
611,@ansonkao,"Miami, FL"
612,@ansonkao,Playa del Carmen
613,@nicolas,Dubai
614,@nicolas,Brussels
615,@nicolas,Playa del Carmen
616,@nicolas,Nosara
617,@nicolas,La Fortuna
618,@nicolas,Puerto Viejo
619,@nicolas,San José
620,@nicolas,Brussels
621,@nicolas,"Canggu, Bali"
622,@nicolas,Singapore
623,@nicolas,"Las Palmas, Canary Islands"
624,@nicolas,"Canggu, Bali"
625,@nicolas,Singapore
626,@nicolas,"Canggu, Bali"
627,@tomhogans,Playa del Carmen
628,@matthew321,Playa del Carmen
629,@matthew321,"New York City, NY"
630,@matthew321,"Tucson, AZ"
631,@matthew321,"San Francisco, CA"
632,@matthew321,"Reno, NV"
633,@matthew321,"Austin, TX"
634,@matthew321,"Houston, TX"
635,@matthew321,Playa del Carmen
636,@matthew321,Cape Town
637,@matthew321,Buenos Aires
638,@matthew321,Florianopolis
639,@matthew321,Porto de Galinhas
640,@matthew321,Mindelo
641,@matthew321,"Tenerife, Canary Islands"
642,@matthew321,Gibraltar
643,@matthew321,
644,@matthew321,
645,@matthew321,
646,@matthew321,
647,@matthew321,
648,@matthew321,
649,@matthew321,
650,@matthew321,
651,@matthew321,
652,@matthew321,
653,@matthew321,
654,@matthew321,
655,@matthew321,
656,@matthew321,
657,@clairemccrea,Playa del Carmen
658,@clairemccrea,"Memphis, TN"
659,@clairemccrea,Winston-Salem
660,@clairemccrea,"Memphis, TN"
661,@clairemccrea,Playa del Carmen
662,@clairemccrea,Cancun
663,@clairemccrea,"Los Angeles, CA"
664,@clairemccrea,Bangkok
665,@clairemccrea,Chiang Mai
666,@clairemccrea,Queenstown
667,@clairemccrea,Chiang Mai
668,@clairemccrea,Da Nang
669,@clairemccrea,Chiang Mai
670,@clairemccrea,Da Nang
671,@clairemccrea,Chiang Mai
672,@clairemccrea,
673,@clairemccrea,
674,@clairemccrea,
675,@clairemccrea,
676,@clairemccrea,
677,@clairemccrea,
678,@clairemccrea,
679,@clairemccrea,
680,@clairemccrea,
681,@clairemccrea,
682,@clairemccrea,
683,@clairemccrea,
684,@clairemccrea,
685,@clairemccrea,
686,@clairemccrea,
687,@clairemccrea,
688,@clairemccrea,
689,@clairemccrea,
690,@clairemccrea,
691,@clairemccrea,
692,@clairemccrea,
693,@clairemccrea,
694,@clairemccrea,
695,@clairemccrea,
696,@clairemccrea,
697,@clairemccrea,
698,@clairemccrea,
699,@clairemccrea,
700,@clairemccrea,
701,@clairemccrea,
702,@clairemccrea,
703,@clairemccrea,
704,@clairemccrea,
705,@clairemccrea,
706,@clairemccrea,
707,@clairemccrea,
708,@clairemccrea,
709,@clairemccrea,
710,@clairemccrea,
711,@clairemccrea,
712,@clairemccrea,
713,@clairemccrea,
714,@clairemccrea,
715,@clairemccrea,
716,@clairemccrea,
717,@clairemccrea,
718,@michaelmesserli,"Fort Collins, CO"
719,@michaelmesserli,Playa del Carmen
720,@michaelmesserli,Cancun
721,@michaelmesserli,"Fort Collins, CO"
722,@michaelmesserli,Chiang Mai
723,@michaelmesserli,Da Nang
724,@michaelmesserli,Chiang Mai
725,@michaelmesserli,Da Nang
726,@michaelmesserli,Chiang Mai
727,@michaelmesserli,"Fort Collins, CO"
728,@michaelmesserli,Chiang Mai
729,@michaelmesserli,Prague
730,@michaelmesserli,Bern
731,@michaelmesserli,Fort Collins
732,@michaelmesserli,Bern
733,@michaelmesserli,Reykjavik
734,@michaelmesserli,Fort Collins
735,@michaelmesserli,"Denver, CO"
736,@michaelmesserli,Zurich
737,@michaelmesserli,Sliema
738,@michaelmesserli,Thun
739,@michaelmesserli,Chiang Mai
740,@michaelmesserli,Kuala Lumpur
741,@michaelmesserli,Kuching
742,@michaelmesserli,Kuala Lumpur
743,@michaelmesserli,Chiang Mai
744,@michaelmesserli,"Denver, CO"
745,@michaelmesserli,"Boulder, CO"
746,@michaelmesserli,Bangkok
747,@michaelmesserli,Chiang Mai
748,@michaelmesserli,Chiang Mai
749,@michaelmesserli,Pai
750,@michaelmesserli,Chiang Mai
751,@michaelmesserli,Chiang Rai
752,@michaelmesserli,Chiang Mai
753,@michaelmesserli,Phú Quốc
754,@michaelmesserli,Chiang Mai
755,@michaelmesserli,Zurich
756,@michaelmesserli,Chiang Mai
757,@meeshcarra,"Boston, MA"
758,@meeshcarra,"Charlotte, NC"
759,@meeshcarra,Playa del Carmen
760,@meeshcarra,Huanchaco
761,@meeshcarra,Cuenca
762,@hiimmaciej,Playa del Carmen
763,@hiimmaciej,Cholula
764,@hiimmaciej,Morelia
765,@hiimmaciej,Mexico City
766,@hiimmaciej,Bogota
767,@hiimmaciej,Salento
768,@hiimmaciej,Cartagena
769,@hiimmaciej,Guatapé
770,@hiimmaciej,Medellín
771,@hiimmaciej,Isla Mujeres
772,@hiimmaciej,Playa del Carmen
773,@hiimmaciej,London
774,@hiimmaciej,"Tenerife, Canary Islands"
775,@hiimmaciej,Rhodes
776,@hiimmaciej,Lima
777,@hiimmaciej,Pucallpa - Perú
778,@hiimmaciej,Siem Reap
779,@hiimmaciej,Phuket
780,@hiimmaciej,Kuala Lumpur
781,@hiimmaciej,Singapore
782,@hiimmaciej,Bukit Lawang
783,@hiimmaciej,"Seminyak, Bali"
784,@hiimmaciej,Labuan Bajo
785,@hiimmaciej,Bangkok
786,@hiimmaciej,"Chania, Crete"
787,@hiimmaciej,Bergamo
788,@hiimmaciej,Stockholm
789,@hiimmaciej,Poznan
790,@hiimmaciej,"Honolulu, Hawaii"
791,@hiimmaciej,Lille
792,@hiimmaciej,Atlantic City
793,@hiimmaciej,Silver Spring
794,@hiimmaciej,Laurel
795,@njo,Bucharest
796,@njo,London
797,@njo,Playa del Carmen
798,@njo,Tulum
799,@njo,Barbados
800,@klneptunas,Santorini
801,@klneptunas,Istanbul
802,@klneptunas,Belgrade
803,@klneptunas,Athens
804,@klneptunas,"New York City, NY"
805,@klneptunas,Toronto
806,@klneptunas,Vancouver
807,@klneptunas,Singapore
808,@klneptunas,Chiang Mai
809,@klneptunas,Hanoi
810,@klneptunas,Ho Chi Minh City
811,@klneptunas,Kuching
812,@klneptunas,Manila
813,@klneptunas,Taipei
814,@klneptunas,Hong Kong
815,@klneptunas,Shanghai
816,@klneptunas,Seoul
817,@klneptunas,Tokyo
818,@klneptunas,Madrid
819,@klneptunas,"Seattle, WA"
820,@travelingpuns,Bogota
821,@travelingpuns,Long Beach
822,@travelingpuns,Madrid
823,@travelingpuns,Albufeira
824,@travelingpuns,Porto
825,@travelingpuns,Milan
826,@travelingpuns,Corfu
827,@travelingpuns,Sarandë
828,@travelingpuns,Tirana
829,@travelingpuns,London
830,@travelingpuns,Antigua
831,@travelingpuns,Panajachel
832,@travelingpuns,Guatemala City
833,@travelingpuns,"Los Angeles, CA"
834,@travelingpuns,Hat Creek
835,@travelingpuns,"Chico, CA"
836,@travelingpuns,"Sacramento, CA"
837,@travelingpuns,Mexico City
838,@travelingpuns,Playa del Carmen
839,@travelingpuns,"Phoenix, AZ"
840,@travelingpuns,Cruz De Huanacaxtle
841,@travelingpuns,Puerto Vallarta
842,@travelingpuns,La Paz
843,@travelingpuns,Loreto
844,@travelingpuns,La Paz
845,@travelingpuns,Sliema
846,@travelingpuns,Cavtat
847,@travelingpuns,Zagreb
848,@travelingpuns,Poreč
849,@travelingpuns,Primošten
850,@travelingpuns,Vela Luka
851,@travelingpuns,Dubrovnik
852,@travelingpuns,"Minneapolis, MN"
853,@travelingpuns,"Rochester, MN"
854,@travelingpuns,"Duluth, MN"
855,@travelingpuns,"Casper, WY"
856,@travelingpuns,"St. Louis, MO"
857,@travelingpuns,"New York City, NY"
858,@travelingpuns,Luquillo
859,@travelingpuns,San Juan
860,@travelingpuns,"New York City, NY"
861,@matthewhallca,Vancouver
862,@matthewhallca,Méribel
863,@matthewhallca,Rome
864,@matthewhallca,Vancouver
865,@matthewhallca,Koloa
866,@matthewhallca,"San Francisco, CA"
867,@matthewhallca,Vancouver
868,@matthewhallca,Montreal
869,@matthewhallca,Toronto
870,@matthewhallca,Vancouver
871,@matthewhallca,Toronto
872,@matthewhallca,Oslo
873,@matthewhallca,Bergen
874,@matthewhallca,Stockholm
875,@matthewhallca,Reykjavik
876,@matthewhallca,
877,@matthewhallca,
878,@matthewhallca,
879,@matthewhallca,
880,@matthewhallca,
881,@matthewhallca,
882,@matthewhallca,
883,@matthewhallca,
884,@matthewhallca,
885,@matthewhallca,
886,@matthewhallca,
887,@matthewhallca,
888,@matthewhallca,
889,@matthewhallca,
890,@matthewhallca,
891,@matthewhallca,
892,@matthewhallca,
893,@matthewhallca,
894,@matthewhallca,
895,@matthewhallca,
896,@matthewhallca,
897,@matthewhallca,
898,@matthewhallca,
899,@matthewhallca,
900,@matthewhallca,
901,@matthewhallca,
902,@matthewhallca,
903,@matthewhallca,
904,@matthewhallca,
905,@matthewhallca,
906,@matthewhallca,
907,@matthewhallca,
908,@matthewhallca,
909,@matthewhallca,
910,@matthewhallca,
911,@matthewhallca,
912,@matthewhallca,
913,@matthewhallca,
914,@matthewhallca,
915,@matthewhallca,
916,@matthewhallca,
917,@matthewhallca,
918,@matthewhallca,
919,@matthewhallca,
920,@matthewhallca,
921,@matthewhallca,
922,@matthewhallca,
923,@matthewhallca,
924,@matthewhallca,
925,@matthewhallca,
926,@matthewhallca,
927,@matthewhallca,
928,@matthewhallca,
929,@matthewhallca,
930,@matthewhallca,
931,@matthewhallca,
932,@matthewhallca,
933,@matthewhallca,
934,@matthewhallca,
935,@matthewhallca,
936,@matthewhallca,
937,@matthewhallca,
938,@matthewhallca,
939,@matthewhallca,
940,@matthewhallca,
941,@matthewhallca,
942,@matthewhallca,
943,@matthewhallca,
944,@matthewhallca,
945,@matthewhallca,
946,@matthewhallca,
947,@matthewhallca,
948,@matthewhallca,
949,@matthewhallca,
950,@matthewhallca,
951,@matthewhallca,
952,@matthewhallca,
953,@matthewhallca,
954,@matthewhallca,
955,@matthewhallca,
956,@matthewhallca,
957,@matthewhallca,
958,@matthewhallca,
959,@matthewhallca,
960,@matthewhallca,
961,@matthewhallca,
962,@martinrdw,Lille
963,@martinrdw,Playa del Carmen
964,@martinrdw,Barcelona
965,@martinrdw,Lille
966,@martinrdw,Lisbon
967,@rolilink,Panama City
968,@moloneymb,Panama City
969,@moloneymb,Lisbon
970,@moloneymb,Bansko
971,@moloneymb,Prague
972,@moloneymb,London
973,@moloneymb,Boquete District
974,@moloneymb,Melbourne
975,@marcos,Playa del Carmen
976,@maximus,"Miami, FL"
977,@maximus,"Omaha, NE"
978,@maximus,Dallas Fort Worth International Airport
979,@maximus,"Seattle, WA"
980,@maximus,"Las Vegas, NV"
981,@maximus,"St. George, UT"
982,@maximus,Dallas Fort Worth International Airport
983,@maximus,"Omaha, NE"
984,@maximus,"Chicago, IL"
985,@maximus,"Omaha, NE"
986,@maximus,Athens
987,@maximus,Meteora
988,@maximus,Athens
989,@maximus,Karpathos
990,@maximus,"Miami, FL"
991,@maximus,"Omaha, NE"
992,@maximus,Playa del Carmen
993,@maximus,"Orlando, FL"
994,@maximus,Miami Beach
995,@maximus,"Omaha, NE"
996,@maximus,Playa del Carmen
997,@maximus,Miami Beach
998,@maximus,"Orlando, FL"
999,@maximus,Miami Beach
1000,@maximus,"Orlando, FL"
1001,@maximus,Miami Beach
1002,@maximus,Hallandale Beach
1003,@maximus,"Omaha, NE"
1004,@maximus,Keystone
1005,@maximus,Punta Cana
1006,@maximus,"Omaha, NE"
1007,@maximus,"Miami, FL"
1008,@maximus,"Orlando, FL"
1009,@maximus,"Miami, FL"
1010,@maximus,"Los Angeles, CA"
1011,@maximus,"Miami, FL"
1012,@maximus,"Omaha, NE"
1013,@maximus,"Los Angeles, CA"
1014,@maximus,Encinitas
1015,@maximus,"Los Angeles, CA"
1016,@maximus,San José del Cabo
1017,@maximus,La Paz
1018,@maximus,Todos los Santos
1019,@maximus,"Los Angeles, CA"
1020,@maximus,Joshua Tree
1021,@maximus,"Phoenix, AZ"
1022,@maximus,Sedona
1023,@maximus,"Phoenix, AZ"
1024,@maximus,"Los Angeles, CA"
1025,@maximus,"Santa Barbara, CA"
1026,@maximus,"Los Angeles, CA"
1027,@maximus,"Scottsdale, AZ"
1028,@maximus,"Los Angeles, CA"
1029,@maximus,"Scottsdale, AZ"
1030,@maximus,"Omaha, NE"
1031,@maximus,"Los Angeles, CA"
1032,@maximus,"Omaha, NE"
1033,@maximus,"Los Angeles, CA"
1034,@maximus,"Petaluma, CA"
1035,@maximus,"Los Angeles, CA"
1036,@maximus,"Omaha, NE"
1037,@maximus,"Los Angeles, CA"
1038,@maximus,"San Jose, CA"
1039,@maximus,"Los Angeles, CA"
1040,@maximus,"Orlando, FL"
1041,@maximus,"Los Angeles, CA"
1042,@maximus,"Chicago, IL"
1043,@maximus,"Los Angeles, CA"
1044,@maximus,"Omaha, NE"
1045,@maximus,"Los Angeles, CA"
1046,@maximus,"Omaha, NE"
1047,@maximus,"Los Angeles, CA"
1048,@maximus,"Miami, FL"
1049,@maximus,Buenos Aires
1050,@maximus,San Pedro de Atacama
1051,@maximus,Santiago
1052,@maximus,Buenos Aires
1053,@maximus,Asuncion
1054,@maximus,Buenos Aires
1055,@maximus,Rio de Janeiro
1056,@maximus,São Paulo
1057,@maximus,"Omaha, Nebraska"
1058,@maximus,Lahaina
1059,@maximus,"Omaha, Nebraska"
1060,@maximus,"Washington, DC"
1061,@maximus,"Omaha, Nebraska"
1062,@maximus,"Chicago, IL"
1063,@maximus,"Omaha, Nebraska"
1064,@maximus,"Chicago, IL"
1065,@maximus,Barcelona
1066,@maximus,"Palma, Mallorca"
1067,@maximus,Madrid
1068,@maximus,"Palma, Mallorca"
1069,@maximus,Tangier
1070,@maximus,Tel Aviv
1071,@maximus,Vancouver
1072,@maximus,"Los Angeles, CA"
1073,@maximus,"Denver, CO"
1074,@maximus,"Omaha, Nebraska"
1075,@maximus,"Chicago, IL"
1076,@maximus,"Omaha, Nebraska"
1077,@maximus,"Santa Monica, CA"
1078,@maximus,"Omaha, Nebraska"
1079,@maximus,"Chicago, IL"
1080,@maximus,"Los Angeles, CA"
1081,@maximus,"Omaha, Nebraska"
1082,@maximus,"Chicago, IL"
1083,@maximus,"Los Angeles, CA"
1084,@maximus,"Chicago, IL"
1085,@maximus,"Omaha, Nebraska"
1086,@maximus,"Chicago, IL"
1087,@maximus,"San Francisco, CA"
1088,@maximus,"Chicago, IL"
1089,@maximus,"Miami, FL"
1090,@maximus,"Chicago, IL"
1091,@maximus,"Salt Lake City, UT"
1092,@maximus,"Chicago, IL"
1093,@maximus,"Los Angeles, CA"
1094,@maximus,"Chicago, IL"
1095,@maximus,"Omaha, Nebraska"
1096,@maximus,"Chicago, IL"
1097,@maximus,"Omaha, Nebraska"
1098,@maximus,"Chicago, IL"
1099,@maximus,"Denver, CO"
1100,@maximus,"Chicago, IL"
1101,@maximus,"New York City, NY"
1102,@maximus,"Omaha, Nebraska"
1103,@maximus,"Chicago, IL"
1104,@maximus,"Omaha, Nebraska"
1105,@maximus,"Chicago, IL"
1106,@maximus,"Omaha, Nebraska"
1107,@maximus,"Chicago, IL"
1108,@maximus,"Omaha, Nebraska"
1109,@maximus,"Chicago, IL"
1110,@maximus,Minnetonka
1111,@maximus,"Los Angeles, CA"
1112,@maximus,"Omaha, Nebraska"
1113,@maximus,"Chicago, IL"
1114,@maximus,"Omaha, Nebraska"
1115,@maximus,"Chicago, IL"
1116,@maximus,"Los Angeles, CA"
1117,@maximus,"Chicago, IL"
1118,@maximus,"Los Angeles, CA"
1119,@maximus,"Chicago, IL"
1120,@maximus,Lima
1121,@maximus,Cusco Region
1122,@maximus,Arequipa
1123,@maximus,Lima
1124,@maximus,Cusco Region
1125,@maximus,Lima
1126,@maximus,"Chicago, IL"
1127,@maximus,"Los Angeles, CA"
1128,@maximus,"Chicago, IL"
1129,@maximus,"Pittsburgh, PA"
1130,@maximus,"Chicago, IL"
1131,@maximus,"Scottsdale, AZ"
1132,@maximus,"Chicago, IL"
1133,@maximus,"Omaha, Nebraska"
1134,@maximus,"Chicago, IL"
1135,@maximus,"New York City, NY"
1136,@maximus,"Chicago, IL"
1137,@maximus,Georgetown
1138,@maximus,"Chicago, IL"
1139,@maximus,"Miami, FL"
1140,@maximus,"Chicago, IL"
1141,@maximus,"Los Angeles, CA"
1142,@maximus,"Chicago, IL"
1143,@maximus,"Lake Tahoe, CA"
1144,@maximus,"Chicago, IL"
1145,@maximus,"Kansas City, MO"
1146,@maximus,"Chicago, IL"
1147,@maximus,"Los Angeles, CA"
1148,@maximus,"Chicago, IL"
1149,@maximus,"Omaha, Nebraska"
1150,@maximus,"Chicago, IL"
1151,@maximus,"Omaha, Nebraska"
1152,@maximus,"Chicago, IL"
1153,@maximus,"Los Angeles, CA"
1154,@maximus,"New York City, NY"
1155,@maximus,Tel Aviv
1156,@maximus,Dublin
1157,@maximus,London
1158,@maximus,Tel Aviv
1159,@maximus,São Paulo
1160,@maximus,Tel Aviv
1161,@maximus,"Santa Monica, CA"
1162,@maximus,Tel Aviv
1163,@maximus,"Los Angeles, CA"
1164,@maximus,George Town
1165,@maximus,Macau
1166,@maximus,Hong Kong
1167,@maximus,Bocas del Toro
1168,@maximus,Puerto Viejo
1169,@maximus,Snowmass Village
1170,@maximus,Macau
1171,@maximus,"Chicago, IL"
1172,@maximus,Cairns
1173,@maximus,Canberra
1174,@maximus,"Los Angeles, CA"
1175,@ryannelson,Playa del Carmen
1176,@ryannelson,Oaxaca
1177,@ryannelson,"Birmingham, AL"
1178,@ryannelson,"New York City, NY"
1179,@ryannelson,Millville
1180,@ryannelson,"Birmingham, AL"
1181,@ryannelson,San José
1182,@ryannelson,"Pittsburgh, PA"
1183,@ryannelson,Cusco
1184,@ryannelson,Machu Picchu
1185,@ryannelson,Cusco
1186,@ryannelson,Lima
1187,@ryannelson,Playa del Carmen
1188,@ryannelson,Salinas
1189,@ryannelson,Sofia
1190,@ryannelson,Bansko
1191,@ryannelson,"Seattle, WA"
1192,@ryannelson,Playa del Carmen
1193,@ryannelson,Bacalar
1194,@ryannelson,Tulum
1195,@ryannelson,Playa del Carmen
1196,@ryannelson,Elkhart Lake
1197,@ryannelson,Playa del Carmen
1198,@ryannelson,"Birmingham, AL"
1199,@ryannelson,Alton
1200,@ryannelson,Playa del Carmen
1201,@ryannelson,"Birmingham, AL"
1202,@ryannelson,"Atlanta, GA"
1203,@ryannelson,Medellín
1204,@ryannelson,Salento
1205,@ryannelson,Cartagena
1206,@ryannelson,Casa En El Agua
1207,@ryannelson,Cartagena
1208,@ryannelson,Medellín
1209,@ryannelson,Guatapé
1210,@ryannelson,Medellín
1211,@ryannelson,"Birmingham, AL"
1212,@ryannelson,"Memphis, TN"
1213,@ryannelson,"Birmingham, AL"
1214,@ryannelson,Puerto Escondido
1215,@ryannelson,"Memphis, TN"
1216,@ryannelson,"Birmingham, AL"
1217,@ryannelson,Palenque
1218,@ryannelson,"Birmingham, AL"
1219,@ryannelson,"Birmingham, AL"
1220,@ryannelson,"Birmingham, AL"
1221,@ryannelson,"Memphis, TN"
1222,@ryannelson,"Birmingham, AL"
1223,@ryannelson,"Louisville, KY"
1224,@ryannelson,"Indianapolis, IN"
1225,@ryannelson,"Chicago, IL"
1226,@ryannelson,"Chicago, IL"
1227,@ryannelson,"Milwaukee, WI"
1228,@ryannelson,Elkhart Lake
1229,@ryannelson,"Birmingham, AL"
1230,@ryannelson,Mexico City
1231,@ryannelson,"Birmingham, AL"
1232,@ryannelson,"Memphis, TN"
1233,@ryannelson,Merida
1234,@ryannelson,"Birmingham, AL"
1235,@ryannelson,"San Francisco, CA"
1236,@ryannelson,"Birmingham, AL"
1237,@ryannelson,Isla Mujeres
1238,@ryannelson,Istanbul
1239,@ryannelson,Cape Town
1240,@ryannelson,Istanbul
1241,@ryannelson,"Birmingham, AL"
1242,@ryannelson,"Memphis, TN"
1243,@ryannelson,"Birmingham, AL"
1244,@ryannelson,"Atlanta, GA"
1245,@ryannelson,"Birmingham, AL"
1246,@nick_madaffari,Guadalajara
1247,@nick_madaffari,"Jacksonville, FL"
1248,@nick_madaffari,Guadalajara
1249,@nick_madaffari,Cabo San Lucas
1250,@nick_madaffari,Cancun
1251,@nick_madaffari,Playa del Carmen
1252,@nick_madaffari,Cancun
1253,@nick_madaffari,"Jacksonville, FL"
1254,@nick_madaffari,Pattaya
1255,@nick_madaffari,Ao Nang
1256,@nick_madaffari,Surat Thani
1257,@nick_madaffari,Bangkok
1258,@nick_madaffari,"Jacksonville, FL"
1259,@stevecvar,Mexico City
1260,@stevecvar,"Los Angeles, CA"
1261,@stevecvar,Brooklyn
1262,@stevecvar,Warsaw
1263,@stevecvar,Kraków
1264,@stevecvar,Podgorica
1265,@stevecvar,Užice
1266,@stevecvar,Belgrade
1267,@stevecvar,Brooklyn
1268,@stevecvar,"Los Angeles, CA"
1269,@stevecvar,Mexico City
1270,@stevecvar,"Los Angeles, CA"
1271,@stevecvar,Brooklyn
1272,@stevecvar,Buenos Aires
1273,@stevecvar,Montevideo
1274,@stevecvar,
1275,@stevecvar,
1276,@stevecvar,
1277,@stevecvar,
1278,@stevecvar,
1279,@stevecvar,
1280,@stevecvar,
1281,@stevecvar,
1282,@stevecvar,
1283,@stevecvar,
1284,@stevecvar,
1285,@stevecvar,
1286,@stevecvar,
1287,@stevecvar,
1288,@stevecvar,
1289,@stevecvar,
1290,@stevecvar,
1291,@stevecvar,
1292,@stevecvar,
1293,@stevecvar,
1294,@stevecvar,
1295,@stevecvar,
1296,@stevecvar,
1297,@stevecvar,
1298,@stevecvar,
1299,@stevecvar,
1300,@stevecvar,
1301,@stevecvar,
1302,@stevecvar,
1303,@stevecvar,
1304,@stevecvar,
1305,@stevecvar,
1306,@stevecvar,
1307,@stevecvar,
1308,@stevecvar,
1309,@stevecvar,
1310,@stevecvar,
1311,@stevecvar,
1312,@stevecvar,
1313,@stevecvar,
1314,@stevecvar,
1315,@stevecvar,
1316,@stevecvar,
1317,@stevecvar,
1318,@stevecvar,
1319,@stevecvar,
1320,@stevecvar,
1321,@stevecvar,
1322,@stevecvar,
1323,@stevecvar,
1324,@stevecvar,
1325,@stevecvar,
1326,@stevecvar,
1327,@stevecvar,
1328,@stevecvar,
1329,@stevecvar,
1330,@stevecvar,
1331,@stevecvar,
1332,@stevecvar,
1333,@stevecvar,
1334,@stevecvar,
1335,@stevecvar,
1336,@stevecvar,
1337,@dobstotev,Playa del Carmen
1338,@dobstotev,Barcelona
1339,@dobstotev,Plovdiv
1340,@dobstotev,Madrid
1341,@dobstotev,Barcelona
1342,@dobstotev,London
1343,@dobstotev,Barcelona
1344,@dobstotev,Malaga
1345,@dobstotev,Barcelona
1346,@dobstotev,Milan
1347,@dobstotev,Vernazza
1348,@dobstotev,Milan
1349,@dobstotev,Barcelona
1350,@dobstotev,Plovdiv
1351,@dobstotev,Barcelona
1352,@dobstotev,
1353,@dobstotev,
1354,@dobstotev,
1355,@dobstotev,
1356,@dobstotev,
1357,@dobstotev,
1358,@dobstotev,
1359,@dobstotev,
1360,@dobstotev,
1361,@dobstotev,
1362,@dobstotev,
1363,@dobstotev,
1364,@dobstotev,
1365,@dobstotev,
1366,@dobstotev,
1367,@dobstotev,
1368,@dobstotev,
1369,@dobstotev,
1370,@dobstotev,
1371,@dobstotev,
1372,@dobstotev,
1373,@dobstotev,
1374,@dobstotev,
1375,@dobstotev,
1376,@dobstotev,
1377,@dobstotev,
1378,@dobstotev,
1379,@dobstotev,
1380,@dobstotev,
1381,@dobstotev,
1382,@dobstotev,
1383,@dobstotev,
1384,@dobstotev,
1385,@dobstotev,
1386,@dobstotev,
1387,@dobstotev,
1388,@dobstotev,
1389,@dobstotev,
1390,@dobstotev,
1391,@dobstotev,
1392,@dobstotev,
1393,@dobstotev,
1394,@dobstotev,
1395,@dobstotev,
1396,@dobstotev,
1397,@dobstotev,
1398,@dobstotev,
1399,@dobstotev,
1400,@dobstotev,
1401,@dobstotev,
1402,@dobstotev,
1403,@dobstotev,
1404,@dobstotev,
1405,@dobstotev,
1406,@dobstotev,
1407,@dobstotev,
1408,@dobstotev,
1409,@dobstotev,
1410,@dobstotev,
1411,@dobstotev,
1412,@dobstotev,
1413,@dobstotev,
1414,@dobstotev,
1415,@dobstotev,
1416,@dobstotev,
1417,@dobstotev,
1418,@dobstotev,
1419,@dobstotev,
1420,@dobstotev,
1421,@dobstotev,
1422,@dobstotev,
1423,@dobstotev,
1424,@dobstotev,
1425,@dobstotev,
1426,@dobstotev,
1427,@dobstotev,
1428,@dobstotev,
1429,@dobstotev,
1430,@dobstotev,
1431,@dobstotev,
1432,@dobstotev,
1433,@dobstotev,
1434,@dobstotev,
1435,@dobstotev,
1436,@dobstotev,
1437,@dobstotev,
1438,@dobstotev,
1439,@dobstotev,
1440,@dobstotev,
1441,@dobstotev,
1442,@dobstotev,
1443,@dobstotev,
1444,@dobstotev,
1445,@dobstotev,
1446,@dobstotev,
1447,@dobstotev,
1448,@dobstotev,
1449,@dobstotev,
1450,@dobstotev,
1451,@dobstotev,
1452,@dobstotev,
1453,@dobstotev,
1454,@dobstotev,
1455,@dobstotev,
1456,@dobstotev,
1457,@dobstotev,
1458,@dobstotev,
1459,@dobstotev,
1460,@dobstotev,
1461,@dobstotev,
1462,@dobstotev,
1463,@dobstotev,
1464,@dobstotev,
1465,@dobstotev,
1466,@dobstotev,
1467,@dobstotev,
1468,@dobstotev,
1469,@dobstotev,
1470,@craigcarlyle,Seville
1471,@craigcarlyle,Vancouver
1472,@craigcarlyle,Hamilton
1473,@craigcarlyle,Vancouver
1474,@craigcarlyle,Puerto Vallarta
1475,@craigcarlyle,Vancouver
1476,@craigcarlyle,Sechelt
1477,@craigcarlyle,Vancouver
1478,@craigcarlyle,Sechelt
1479,@craigcarlyle,Vancouver
1480,@craigcarlyle,Sechelt
1481,@craigcarlyle,Vancouver
1482,@craigcarlyle,Sechelt
1483,@craigcarlyle,Whistler
1484,@craigcarlyle,Vancouver
1485,@craigcarlyle,
1486,@craigcarlyle,
1487,@craigcarlyle,
1488,@craigcarlyle,
1489,@craigcarlyle,
1490,@craigcarlyle,
1491,@craigcarlyle,
1492,@craigcarlyle,
1493,@craigcarlyle,
1494,@craigcarlyle,
1495,@craigcarlyle,
1496,@craigcarlyle,
1497,@craigcarlyle,
1498,@craigcarlyle,
1499,@craigcarlyle,
1500,@craigcarlyle,
1501,@craigcarlyle,
1502,@craigcarlyle,
1503,@craigcarlyle,
1504,@craigcarlyle,
1505,@craigcarlyle,
1506,@craigcarlyle,
1507,@craigcarlyle,
1508,@craigcarlyle,
1509,@craigcarlyle,
1510,@craigcarlyle,
1511,@craigcarlyle,
1512,@craigcarlyle,
1513,@craigcarlyle,
1514,@craigcarlyle,
1515,@craigcarlyle,
1516,@craigcarlyle,
1517,@craigcarlyle,
1518,@craigcarlyle,
1519,@craigcarlyle,
1520,@craigcarlyle,
1521,@craigcarlyle,
1522,@craigcarlyle,
1523,@craigcarlyle,
1524,@craigcarlyle,
1525,@craigcarlyle,
1526,@craigcarlyle,
1527,@craigcarlyle,
1528,@craigcarlyle,
1529,@craigcarlyle,
1530,@craigcarlyle,
1531,@craigcarlyle,
1532,@craigcarlyle,
1533,@craigcarlyle,
1534,@craigcarlyle,
1535,@craigcarlyle,
1536,@craigcarlyle,
1537,@craigcarlyle,
1538,@craigcarlyle,
1539,@craigcarlyle,
1540,@craigcarlyle,
1541,@craigcarlyle,
1542,@craigcarlyle,
1543,@craigcarlyle,
1544,@craigcarlyle,
1545,@craigcarlyle,
1546,@craigcarlyle,
1547,@craigcarlyle,
1548,@craigcarlyle,
1549,@craigcarlyle,
1550,@craigcarlyle,
1551,@craigcarlyle,
1552,@craigcarlyle,
1553,@craigcarlyle,
1554,@craigcarlyle,
1555,@craigcarlyle,
1556,@craigcarlyle,
1557,@craigcarlyle,
1558,@craigcarlyle,
1559,@craigcarlyle,
1560,@craigcarlyle,
1561,@craigcarlyle,
1562,@craigcarlyle,
1563,@craigcarlyle,
1564,@craigcarlyle,
1565,@craigcarlyle,
1566,@craigcarlyle,
1567,@craigcarlyle,
1568,@craigcarlyle,
1569,@craigcarlyle,
1570,@craigcarlyle,
1571,@craigcarlyle,
1572,@craigcarlyle,
1573,@craigcarlyle,
1574,@craigcarlyle,
1575,@craigcarlyle,
1576,@craigcarlyle,
1577,@craigcarlyle,
1578,@craigcarlyle,
1579,@craigcarlyle,
1580,@craigcarlyle,
1581,@craigcarlyle,
1582,@craigcarlyle,
1583,@craigcarlyle,
1584,@craigcarlyle,
1585,@craigcarlyle,
1586,@craigcarlyle,
1587,@craigcarlyle,
1588,@craigcarlyle,
1589,@craigcarlyle,
1590,@craigcarlyle,
1591,@craigcarlyle,
1592,@craigcarlyle,
1593,@craigcarlyle,
1594,@craigcarlyle,
1595,@craigcarlyle,
1596,@craigcarlyle,
1597,@craigcarlyle,
1598,@craigcarlyle,
1599,@craigcarlyle,
1600,@craigcarlyle,
1601,@camper,Cartagena
1602,@cold,Florence
1603,@cold,Hoi An
1604,@cold,Chiang Mai
1605,@cold,Vancouver
1606,@cold,Mumbai
1607,@cold,"San Francisco, CA"
1608,@cold,Berkeley
1609,@boris_k,Moscow
1610,@boris_k,Marseille
1611,@boris_k,Briançon
1612,@boris_k,Moscow
1613,@boris_k,Sarajevo
1614,@boris_k,Belgrade
1615,@boris_k,Skopje
1616,@boris_k,Ohrid
1617,@boris_k,Vlorë
1618,@boris_k,Durrës
1619,@boris_k,Vlorë
1620,@boris_k,Tirana
1621,@boris_k,London
1622,@boris_k,South Grafton
1623,@boris_k,"Boston, MA"
1624,@boris_k,South Grafton
1625,@boris_k,"Salt Lake City, UT"
1626,@boris_k,South Grafton
1627,@boris_k,Tbilisi
1628,@boris_k,Lagodekhi
1629,@boris_k,Tbilisi
1630,@boris_k,Dilijan
1631,@boris_k,Jermuk
1632,@boris_k,Goris
1633,@boris_k,Kajaran
1634,@boris_k,Dilijan
1635,@boris_k,Alaverdi
1636,@boris_k,Dilijan
1637,@boris_k,Vanadzor
1638,@boris_k,Dilijan
1639,@boris_k,Shorzha
1640,@boris_k,Dilijan
1641,@boris_k,Yerevan
1642,@boris_k,Areni
1643,@boris_k,Yerevan
1644,@boris_k,Garni
1645,@boris_k,Gyumri
1646,@boris_k,Moscow
1647,@boris_k,Istanbul
1648,@boris_k,Moscow
1649,@boris_k,Ufa
1650,@boris_k,Magnitogorsk
1651,@boris_k,Moscow
1652,@boris_k,Krasnaya Polyana Resort
1653,@boris_k,Moscow
1654,@boris_k,Vladikavkaz
1655,@boris_k,Tbilisi
1656,@boris_k,Borjomi
1657,@boris_k,Vardzia
1658,@boris_k,Aspindza
1659,@boris_k,Tbilisi
1660,@boris_k,Kutaisi
1661,@boris_k,Mestia
1662,@boris_k,Ushguli
1663,@boris_k,Mestia
1664,@boris_k,Adishi
1665,@boris_k,Mestia
1666,@boris_k,Tbilisi
1667,@boris_k,Stepantsminda
1668,@boris_k,Juta
1669,@boris_k,Tbilisi
1670,@boris_k,Gudauri
1671,@boris_k,Tbilisi
1672,@boris_k,Batumi
1673,@boris_k,Shovi
1674,@boris_k,Batumi
1675,@boris_k,Bako
1676,@boris_k,Batumi
1677,@boris_k,Jvari
1678,@boris_k,Batumi
1679,@boris_k,Istanbul
1680,@boris_k,Moscow
1681,@boris_k,"Boston, MA"
1682,@boris_k,South Grafton
1683,@boris_k,"New York City, NY"
1684,@boris_k,Moscow
1685,@boris_k,Yefremov
1686,@boris_k,Moscow
1687,@boris_k,Berlin
1688,@boris_k,Karlovy Vary
1689,@boris_k,Berlin
1690,@boris_k,Jerusalem
1691,@boris_k,Tel Aviv
1692,@boris_k,Berlin
1693,@boris_k,Marburg
1694,@boris_k,Heidelberg
1695,@boris_k,Berlin
1696,@boris_k,Wrocław
1697,@boris_k,Berlin
1698,@boris_k,Pula
1699,@boris_k,Mali Lošinj
1700,@boris_k,Rijeka
1701,@boris_k,Ičići Beach
1702,@boris_k,Pula
1703,@boris_k,Berlin
1704,@boris_k,Basel
1705,@boris_k,Mulhouse
1706,@boris_k,Colmar
1707,@boris_k,Muhlbach-sur-Munster
1708,@boris_k,Berlin
1709,@boris_k,Lausanne
1710,@boris_k,Montreux
1711,@boris_k,Port Le Bouveret
1712,@boris_k,Berlin
1713,@boris_k,Schwerin
1714,@boris_k,Lübeck
1715,@boris_k,Berlin
1716,@boris_k,Paris
1717,@boris_k,Fécamp
1718,@boris_k,Paris
1719,@boris_k,Berlin
1720,@boris_k,Munich
1721,@boris_k,Berlin
1722,@boris_k,Leiden
1723,@boris_k,The Hague
1724,@boris_k,Amsterdam
1725,@boris_k,Berlin
1726,@boris_k,Salzburg
1727,@boris_k,Werfenweng
1728,@boris_k,Berlin
1729,@boris_k,Lisbon
1730,@boris_k,Toledo
1731,@boris_k,Madrid
1732,@boris_k,Berlin
1733,@boris_k,Venice
1734,@boris_k,Ljubljana
1735,@boris_k,Triglav National Park
1736,@boris_k,Bled
1737,@boris_k,Postojna
1738,@boris_k,Ljubljana
1739,@boris_k,Berlin
1740,@boris_k,Riga
1741,@boris_k,Vilnius
1742,@boris_k,Berlin
1743,@boris_k,Stockholm
1744,@boris_k,Gothenburg
1745,@boris_k,Berlin
1746,@boris_k,Budapest
1747,@boris_k,Kosice
1748,@boris_k,Kraków
1749,@boris_k,Berlin
1750,@boris_k,Goslar
1751,@boris_k,Berlin
1752,@boris_k,Moscow
1753,@boris_k,Berlin
1754,@boris_k,Tallinn
1755,@boris_k,Helsinki
1756,@boris_k,Berlin
1757,@boris_k,Zurich
1758,@boris_k,Berlin
1759,@boris_k,Rome
1760,@boris_k,Vatican City
1761,@boris_k,Berlin
1762,@boris_k,Luxembourg
1763,@boris_k,Cologne
1764,@boris_k,Dusseldorf
1765,@boris_k,Berlin
1766,@boris_k,Lenggries
1767,@boris_k,Berlin
1768,@boris_k,Pompeii
1769,@boris_k,Naples
1770,@boris_k,Bari
1771,@boris_k,Berlin
1772,@boris_k,Flaine
1773,@boris_k,Berlin
1774,@boris_k,Oberwiesenthal
1775,@boris_k,Berlin
1776,@boris_k,Järvenpää
1777,@boris_k,Helsinki
1778,@boris_k,Berlin
1779,@boris_k,Barcelona
1780,@boris_k,Berlin
1781,@boris_k,Moscow
1782,@boris_k,Berlin
1783,@boris_k,Magdeburg
1784,@boris_k,Berlin
1785,@boris_k,Venice
1786,@boris_k,Berlin
1787,@boris_k,"Palma, Mallorca"
1788,@boris_k,Port de Pollença
1789,@boris_k,Berlin
1790,@boris_k,Prague
1791,@boris_k,Berlin
1792,@boris_k,Brussels
1793,@boris_k,Ghent
1794,@boris_k,Bruges
1795,@boris_k,Berlin
1796,@boris_k,Dresden
1797,@boris_k,Bastei
1798,@boris_k,Berlin
1799,@boris_k,Vaduz
1800,@boris_k,Walenstadt
1801,@boris_k,Berlin
1802,@boris_k,Nice
1803,@boris_k,Monaco
1804,@boris_k,Berlin
1805,@boris_k,Hamburg
1806,@boris_k,Berlin
1807,@boris_k,Vienna
1808,@boris_k,Berlin
1809,@boris_k,Potsdam
1810,@boris_k,Berlin
1811,@boris_k,Moscow
1812,@boris_k,Berlin
1813,@boris_k,Moscow
1814,@boris_k,Peisey-Nancroix
1815,@boris_k,Moscow
1816,@boris_k,Geneva
1817,@boris_k,Val Thorens
1818,@boris_k,Moscow
1819,@boris_k,Bergen
1820,@boris_k,Geiranger
1821,@boris_k,Alesund
1822,@boris_k,Åndalsnes
1823,@boris_k,Oslo
1824,@boris_k,Moscow
1825,@boris_k,Rosa Khutor Olimpia
1826,@boris_k,Moscow
1827,@boris_k,Rosa Khutor Olimpia
1828,@boris_k,Sochi
1829,@boris_k,Moscow
1830,@boris_k,Abzakovsky
1831,@boris_k,Magnitogorsk
1832,@boris_k,Moscow
1833,@boris_k,Rosa Khutor Olimpia
1834,@boris_k,Moscow
1835,@boris_k,Rosa Khutor Olimpia
1836,@boris_k,Moscow
1837,@boris_k,Zermatt
1838,@boris_k,Milan
1839,@boris_k,Moscow
1840,@boris_k,Nizhny Novgorod
1841,@boris_k,Moscow
1842,@boris_k,Poiana Brașov
1843,@boris_k,Sinaia
1844,@boris_k,Bucharest
1845,@boris_k,Moscow
1846,@boris_k,Kotor
1847,@boris_k,Moscow
1848,@boris_k,Tromso
1849,@boris_k,Kiruna
1850,@boris_k,Stockholm
1851,@boris_k,Copenhagen
1852,@boris_k,Moscow
1853,@boris_k,Hurghada
1854,@boris_k,Luxor
1855,@boris_k,Hurghada
1856,@boris_k,Moscow
1857,@boris_k,Kuching
1858,@boris_k,Singapore
1859,@boris_k,Moscow
1860,@boris_k,Irkutsk
1861,@boris_k,Listvyanskoe
1862,@boris_k,Arshan
1863,@boris_k,Listvyanskoe
1864,@boris_k,Moscow
1865,@boris_k,Karachi
1866,@boris_k,Multan
1867,@boris_k,Bahawalpur
1868,@boris_k,Multan
1869,@boris_k,Karachi
1870,@boris_k,Moscow
1871,@boris_k,Karachi
1872,@boris_k,Islamabad
1873,@boris_k,Gilgit
1874,@boris_k,Sost
1875,@boris_k,Pidakkesh
1876,@boris_k,Karimabad
1877,@boris_k,Jalipur
1878,@boris_k,Islamabad
1879,@boris_k,Karachi
1880,@boris_k,Moscow
1881,@boris_k,Karachi
1882,@boris_k,Istanbul
1883,@boris_k,Moscow
1884,@boris_k,Karachi
1885,@boris_k,Moscow
1886,@boris_k,Karachi
1887,@boris_k,Moscow
1888,@boris_k,Karachi
1889,@boris_k,Moscow
1890,@boris_k,Karachi
1891,@boris_k,Moscow
1892,@boris_k,Syzran
1893,@boris_k,Moscow
1894,@boris_k,Melitopol
1895,@boris_k,Moscow
1896,@jckyeh,Havana
1897,@jckyeh,"San Francisco, CA"
1898,@jckyeh,"Columbus, OH"
1899,@jckyeh,"Indianapolis, IN"
1900,@jckyeh,Toronto
1901,@jckyeh,Izmir
1902,@jckyeh,Istanbul
1903,@jckyeh,Thessaloniki
1904,@jckyeh,Kavala
1905,@jckyeh,Bansko
1906,@jckyeh,Sofia
1907,@jckyeh,Bucharest
1908,@jckyeh,Warsaw
1909,@jckyeh,Kraków
1910,@zachandsumary,Medellín
1911,@zachandsumary,Cartagena
1912,@zachandsumary,San Juan
1913,@zachandsumary,Tamarindo
1914,@sprite105,Dnipro
1915,@sprite105,Odessa
1916,@sprite105,Bucharest
1917,@sprite105,Budapest
1918,@sprite105,Belgrade
1919,@sprite105,Athens
1920,@sprite105,Sarandë
1921,@sprite105,Budva
1922,@sprite105,Split
1923,@sprite105,Vienna
1924,@sprite105,Bratislava
1925,@danthehammerman,Antigua and Barbuda
1926,@danthehammerman,Hamilton
1927,@danthehammerman,Antigua and Barbuda
1928,@danthehammerman,"Canggu, Bali"
1929,@danthehammerman,Toronto
1930,@danthehammerman,Banff
1931,@danthehammerman,Sechelt
1932,@danthehammerman,Whistler
1933,@danthehammerman,Victoria
1934,@danthehammerman,Vancouver
1935,@danthehammerman,"Canggu, Bali"
1936,@danthehammerman,Brisbane
1937,@danthehammerman,Melbourne
1938,@danthehammerman,Guangzhou
1939,@danthehammerman,Shenzhen
1940,@danthehammerman,
1941,@danthehammerman,
1942,@danthehammerman,
1943,@danthehammerman,
1944,@danthehammerman,
1945,@danthehammerman,
1946,@danthehammerman,
1947,@danthehammerman,
1948,@danthehammerman,
1949,@danthehammerman,
1950,@danthehammerman,
1951,@danthehammerman,
1952,@danthehammerman,
1953,@danthehammerman,
1954,@danthehammerman,
1955,@danthehammerman,
1956,@danthehammerman,
1957,@danthehammerman,
1958,@danthehammerman,
1959,@danthehammerman,
1960,@danthehammerman,
1961,@danthehammerman,
1962,@danthehammerman,
1963,@danthehammerman,
1964,@danthehammerman,
1965,@danthehammerman,
1966,@danthehammerman,
1967,@danthehammerman,
1968,@danthehammerman,
1969,@danthehammerman,
1970,@danthehammerman,
1971,@danthehammerman,
1972,@danthehammerman,
1973,@danthehammerman,
1974,@danthehammerman,
1975,@danthehammerman,
1976,@danthehammerman,
1977,@eric_chambers,Cartagena
1978,@mdbishop,"Las Palmas, Canary Islands"
1979,@mdbishop,Madrid
1980,@mdbishop,"Palma, Mallorca"
1981,@mdbishop,Prague
1982,@mdbishop,Florence
1983,@mdbishop,Rome
1984,@mdbishop,Hvar
1985,@mdbishop,Budva
1986,@mdbishop,Dubrovnik
1987,@mdbishop,Split
1988,@mdbishop,"New York City, NY"
1989,@mdbishop,Cartagena
1990,@mdbishop,Medellín
1991,@mdbishop,"New York City, NY"
1992,@mdbishop,London
1993,@mdbishop,
1994,@mdbishop,
